{
    "variable": [
        {
            "id": "baseUrl",
            "key": "baseUrl",
            "type": "string",
            "name": "string",
            "value": "https:\/\/directory.egycodecrafters.com\/"
        }
    ],
    "info": {
        "name": "Al Mansouria Directory",
        "_postman_id": "42d95922-4626-40f4-b0b3-65d94cfbe72f",
        "description": "",
        "schema": "https:\/\/schema.getpostman.com\/json\/collection\/v2.1.0\/collection.json"
    },
    "item": [
        {
            "name": "Batch Requests",
            "description": "",
            "item": [
                {
                    "name": "Batch Request",
                    "request": {
                        "url": {
                            "host": "{{baseUrl}}",
                            "path": "api\/batch",
                            "query": [],
                            "raw": "{{baseUrl}}\/api\/batch"
                        },
                        "method": "POST",
                        "header": [
                            {
                                "key": "Content-Type",
                                "value": "application\/json"
                            },
                            {
                                "key": "Accept",
                                "value": "application\/json"
                            }
                        ],
                        "body": null,
                        "description": "",
                        "auth": {
                            "type": "noauth"
                        }
                    },
                    "response": []
                }
            ]
        },
        {
            "name": "Endpoints",
            "description": "",
            "item": [
                {
                    "name": "GET api\/user",
                    "request": {
                        "url": {
                            "host": "{{baseUrl}}",
                            "path": "api\/user",
                            "query": [],
                            "raw": "{{baseUrl}}\/api\/user"
                        },
                        "method": "GET",
                        "header": [
                            {
                                "key": "Content-Type",
                                "value": "application\/json"
                            },
                            {
                                "key": "Accept",
                                "value": "application\/json"
                            }
                        ],
                        "body": null,
                        "description": "",
                        "auth": {
                            "type": "noauth"
                        }
                    },
                    "response": [
                        {
                            "header": [
                                {
                                    "key": "cache-control",
                                    "value": "no-cache, private"
                                },
                                {
                                    "key": "content-type",
                                    "value": "application\/json"
                                },
                                {
                                    "key": "access-control-allow-origin",
                                    "value": "*"
                                }
                            ],
                            "code": 401,
                            "body": "{\"message\":\"Unauthenticated.\"}",
                            "name": ""
                        }
                    ]
                },
                {
                    "name": "Count Resources",
                    "request": {
                        "url": {
                            "host": "{{baseUrl}}",
                            "path": "api\/categories\/count",
                            "query": [
                                {
                                    "key": "fieldName",
                                    "value": "",
                                    "description": "Pass any field and value to search by e.g. `name=John&email=any@aol.com`. Search logic may use LIKE or `=` depending on field.",
                                    "disabled": true
                                }
                            ],
                            "raw": "{{baseUrl}}\/api\/categories\/count?fieldName="
                        },
                        "method": "GET",
                        "header": [
                            {
                                "key": "Content-Type",
                                "value": "application\/json"
                            },
                            {
                                "key": "Accept",
                                "value": "application\/json"
                            }
                        ],
                        "body": null,
                        "description": "Returns a simple count of data in this resource"
                    },
                    "response": [
                        {
                            "header": [
                                {
                                    "key": "cache-control",
                                    "value": "no-cache, private"
                                },
                                {
                                    "key": "content-type",
                                    "value": "application\/json"
                                },
                                {
                                    "key": "x-ratelimit-limit",
                                    "value": "60"
                                },
                                {
                                    "key": "x-ratelimit-remaining",
                                    "value": "59"
                                },
                                {
                                    "key": "access-control-allow-origin",
                                    "value": "*"
                                }
                            ],
                            "code": 200,
                            "body": "{\"count\":0}",
                            "name": ""
                        }
                    ]
                },
                {
                    "name": "Search Resources",
                    "request": {
                        "url": {
                            "host": "{{baseUrl}}",
                            "path": "api\/categories\/search",
                            "query": [
                                {
                                    "key": "limit",
                                    "value": "3",
                                    "description": "Total items to return e.g. `?limit=15`.",
                                    "disabled": false
                                },
                                {
                                    "key": "page",
                                    "value": "1",
                                    "description": "Page of items to return e.g. `?page=1`.",
                                    "disabled": false
                                },
                                {
                                    "key": "sort",
                                    "value": "latest",
                                    "description": "Sorting options e.g. `?sort=field1:asc,field2:asc` OR `?sort=latest\/oldest`.",
                                    "disabled": false
                                },
                                {
                                    "key": "count",
                                    "value": "",
                                    "description": "Count related models. Alternatively `with_count` e.g. `?count=relation1,relation2`.",
                                    "disabled": true
                                },
                                {
                                    "key": "contain",
                                    "value": "",
                                    "description": "Contain data from related model e.g. `?contain=relation1,relation2`.",
                                    "disabled": true
                                },
                                {
                                    "key": "fieldName",
                                    "value": "cupiditate",
                                    "description": "Pass any field and value to search by e.g. `name=John&email=any@aol.com`. Search logic may use LIKE or `=` depending on field",
                                    "disabled": false
                                }
                            ],
                            "raw": "{{baseUrl}}\/api\/categories\/search?limit=3&page=1&sort=latest&count=&contain=&fieldName=cupiditate"
                        },
                        "method": "GET",
                        "header": [
                            {
                                "key": "Content-Type",
                                "value": "application\/json"
                            },
                            {
                                "key": "Accept",
                                "value": "application\/json"
                            }
                        ],
                        "body": null,
                        "description": "Allows searching for data in this resource using multiple options.\n\nOptions for searching\n- By field name: e.g. `?name=John` - Specific search\n- By field name with `LIKE` operator: e.g. `?name_like=John` - Fuzzy search\n- By field name with `!=` operator: e.g. `?age_not=5`\n- By field name with `>` or `<` operator: e.g. `?age_gt=5` or `?age_lt=10`\n- By field name with `>=` or `<=` operator: e.g. `?age_gte=5` or `?age_lte=10`\n- By field name with `IN` or `NOT IN` operator: e.g. `?id_in=1,3,5` or `?id_notIn=2,4`\n- By field name with `NULL` or `NOT NULL` operator: e.g. `?email_isNull` or `?email_isNotNull`"
                    },
                    "response": [
                        {
                            "header": [
                                {
                                    "key": "cache-control",
                                    "value": "no-cache, private"
                                },
                                {
                                    "key": "content-type",
                                    "value": "application\/json"
                                },
                                {
                                    "key": "x-ratelimit-limit",
                                    "value": "60"
                                },
                                {
                                    "key": "x-ratelimit-remaining",
                                    "value": "58"
                                },
                                {
                                    "key": "access-control-allow-origin",
                                    "value": "*"
                                }
                            ],
                            "code": 200,
                            "body": "{\"data\":[],\"links\":{\"first\":\"http:\\\/\\\/localhost\\\/api\\\/categories\\\/search?page=1\",\"last\":\"http:\\\/\\\/localhost\\\/api\\\/categories\\\/search?page=1\",\"prev\":null,\"next\":null},\"meta\":{\"current_page\":1,\"from\":null,\"last_page\":1,\"links\":[{\"url\":null,\"label\":\"&laquo; Previous\",\"active\":false},{\"url\":\"http:\\\/\\\/localhost\\\/api\\\/categories\\\/search?page=1\",\"label\":\"1\",\"active\":true},{\"url\":null,\"label\":\"Next &raquo;\",\"active\":false}],\"path\":\"http:\\\/\\\/localhost\\\/api\\\/categories\\\/search\",\"per_page\":3,\"to\":null,\"total\":0}}",
                            "name": ""
                        }
                    ]
                },
                {
                    "name": "Get All",
                    "request": {
                        "url": {
                            "host": "{{baseUrl}}",
                            "path": "api\/categories",
                            "query": [
                                {
                                    "key": "limit",
                                    "value": "3",
                                    "description": "Total items to return e.g. `?limit=15`.",
                                    "disabled": false
                                },
                                {
                                    "key": "page",
                                    "value": "1",
                                    "description": "Page of items to return e.g. `?page=1`.",
                                    "disabled": false
                                },
                                {
                                    "key": "sort",
                                    "value": "latest",
                                    "description": "Sorting options e.g. `?sort=field1:asc,field2:asc` OR `?sort=latest\/oldest`.",
                                    "disabled": false
                                },
                                {
                                    "key": "count",
                                    "value": "",
                                    "description": "Count related models. Alternatively `with_count` e.g. `?count=relation1,relation2`.",
                                    "disabled": true
                                },
                                {
                                    "key": "contain",
                                    "value": "",
                                    "description": "Contain data from related model e.g. `?contain=relation1,relation2`.",
                                    "disabled": true
                                },
                                {
                                    "key": "fieldName",
                                    "value": "",
                                    "description": "Pass any field and value to filter results e.g. `name=John&email=any@aol.com`.",
                                    "disabled": true
                                }
                            ],
                            "raw": "{{baseUrl}}\/api\/categories?limit=3&page=1&sort=latest&count=&contain=&fieldName="
                        },
                        "method": "GET",
                        "header": [
                            {
                                "key": "Content-Type",
                                "value": "application\/json"
                            },
                            {
                                "key": "Accept",
                                "value": "application\/json"
                            }
                        ],
                        "body": null,
                        "description": "Returns a list of items in this resource and allows filtering the data based on fields in the database\n\nOptions for searching \/ filtering\n- By field name: e.g. `?name=John` - Specific search\n- By field name with `LIKE` operator: e.g. `?name_like=John` - Fuzzy search\n- By field name with `!=` operator: e.g. `?age_not=5`\n- By field name with `>` or `<` operator: e.g. `?age_gt=5` or `?age_lt=10`\n- By field name with `>=` or `<=` operator: e.g. `?age_gte=5` or `?age_lte=10`\n- By field name with `IN` or `NOT IN` operator: e.g. `?id_in=1,3,5` or `?id_notIn=2,4`\n- By field name with `NULL` or `NOT NULL` operator: e.g. `?email_isNull` or `?email_isNotNull`"
                    },
                    "response": [
                        {
                            "header": [
                                {
                                    "key": "cache-control",
                                    "value": "no-cache, private"
                                },
                                {
                                    "key": "content-type",
                                    "value": "application\/json"
                                },
                                {
                                    "key": "x-ratelimit-limit",
                                    "value": "60"
                                },
                                {
                                    "key": "x-ratelimit-remaining",
                                    "value": "57"
                                },
                                {
                                    "key": "access-control-allow-origin",
                                    "value": "*"
                                }
                            ],
                            "code": 200,
                            "body": "{\"data\":[],\"links\":{\"first\":\"http:\\\/\\\/localhost\\\/api\\\/categories?page=1\",\"last\":\"http:\\\/\\\/localhost\\\/api\\\/categories?page=1\",\"prev\":null,\"next\":null},\"meta\":{\"current_page\":1,\"from\":null,\"last_page\":1,\"links\":[{\"url\":null,\"label\":\"&laquo; Previous\",\"active\":false},{\"url\":\"http:\\\/\\\/localhost\\\/api\\\/categories?page=1\",\"label\":\"1\",\"active\":true},{\"url\":null,\"label\":\"Next &raquo;\",\"active\":false}],\"path\":\"http:\\\/\\\/localhost\\\/api\\\/categories\",\"per_page\":3,\"to\":null,\"total\":0}}",
                            "name": ""
                        }
                    ]
                },
                {
                    "name": "Create Resource",
                    "request": {
                        "url": {
                            "host": "{{baseUrl}}",
                            "path": "api\/categories",
                            "query": [
                                {
                                    "key": "count",
                                    "value": "",
                                    "description": "Count related models. Alternatively `with_count` e.g. `?count=relation1,relation2`.",
                                    "disabled": true
                                },
                                {
                                    "key": "contain",
                                    "value": "",
                                    "description": "Contain data from related model e.g. `?contain=relation1,relation2`.",
                                    "disabled": true
                                }
                            ],
                            "raw": "{{baseUrl}}\/api\/categories?count=&contain="
                        },
                        "method": "POST",
                        "header": [
                            {
                                "key": "Content-Type",
                                "value": "application\/json"
                            },
                            {
                                "key": "Accept",
                                "value": "application\/json"
                            }
                        ],
                        "body": null,
                        "description": "Create a new record of this resource in the database. You can return related data or counts of related data\nin the response using the `count` and `contain` query params"
                    },
                    "response": [
                        {
                            "header": [],
                            "code": 400,
                            "body": "{\n \"status\": \"error\",\n \"message\": [\n    \"validation error message\"\n ]\n}",
                            "name": ""
                        },
                        {
                            "header": [],
                            "code": 500,
                            "body": "{\n \"status\": \"error\",\n \"message\": \"Details of error message\"\n}",
                            "name": ""
                        }
                    ]
                },
                {
                    "name": "View Resource",
                    "request": {
                        "url": {
                            "host": "{{baseUrl}}",
                            "path": "api\/categories\/:id",
                            "query": [
                                {
                                    "key": "count",
                                    "value": "",
                                    "description": "Count related models. Alternatively `with_count` e.g. `?count=relation1,relation2`.",
                                    "disabled": true
                                },
                                {
                                    "key": "contain",
                                    "value": "",
                                    "description": "Contain data from related model e.g. `?contain=relation1,relation2`.",
                                    "disabled": true
                                }
                            ],
                            "raw": "{{baseUrl}}\/api\/categories\/:id?count=&contain=",
                            "variable": [
                                {
                                    "id": "id",
                                    "key": "id",
                                    "value": "18",
                                    "description": "The id of the resource to view"
                                }
                            ]
                        },
                        "method": "GET",
                        "header": [
                            {
                                "key": "Content-Type",
                                "value": "application\/json"
                            },
                            {
                                "key": "Accept",
                                "value": "application\/json"
                            }
                        ],
                        "body": null,
                        "description": "Returns information about a specific record in this resource. You can return related data or counts of related data\nin the response using the `count` and `contain` query params"
                    },
                    "response": [
                        {
                            "header": [],
                            "code": 404,
                            "body": "{\n \"status\": \"failed\",\n \"message\": \"Resource not found\"\n}",
                            "name": ""
                        },
                        {
                            "header": [
                                {
                                    "key": "cache-control",
                                    "value": "no-cache, private"
                                },
                                {
                                    "key": "content-type",
                                    "value": "application\/json"
                                },
                                {
                                    "key": "x-ratelimit-limit",
                                    "value": "60"
                                },
                                {
                                    "key": "x-ratelimit-remaining",
                                    "value": "56"
                                },
                                {
                                    "key": "access-control-allow-origin",
                                    "value": "*"
                                }
                            ],
                            "code": 404,
                            "body": "{\"status\":\"failed\",\"message\":\"Resource not found\"}",
                            "name": ""
                        }
                    ]
                },
                {
                    "name": "Update Resource",
                    "request": {
                        "url": {
                            "host": "{{baseUrl}}",
                            "path": "api\/categories\/:id",
                            "query": [
                                {
                                    "key": "count",
                                    "value": "",
                                    "description": "Count related models. Alternatively `with_count` e.g. `?count=relation1,relation2`.",
                                    "disabled": true
                                },
                                {
                                    "key": "contain",
                                    "value": "",
                                    "description": "Contain data from related model e.g. `?contain=relation1,relation2`.",
                                    "disabled": true
                                }
                            ],
                            "raw": "{{baseUrl}}\/api\/categories\/:id?count=&contain=",
                            "variable": [
                                {
                                    "id": "id",
                                    "key": "id",
                                    "value": "19",
                                    "description": "The ID of the category."
                                }
                            ]
                        },
                        "method": "PUT",
                        "header": [
                            {
                                "key": "Content-Type",
                                "value": "application\/json"
                            },
                            {
                                "key": "Accept",
                                "value": "application\/json"
                            }
                        ],
                        "body": null,
                        "description": "Updates the data of the record with the specified `id`. You can return related data or counts of related data\nin the response using the `count` and `contain` query params"
                    },
                    "response": [
                        {
                            "header": [],
                            "code": 400,
                            "body": "{\n \"status\": \"error\",\n \"message\": [\n    \"validation error messages\"\n ]\n}",
                            "name": ""
                        },
                        {
                            "header": [],
                            "code": 404,
                            "body": "{\n \"status\": \"failed\",\n \"message\": \"Resource not found\"\n}",
                            "name": ""
                        },
                        {
                            "header": [],
                            "code": 500,
                            "body": "{\n \"status\": \"error\",\n \"message\": \"Details of error message\"\n}",
                            "name": ""
                        }
                    ]
                },
                {
                    "name": "Delete Resource",
                    "request": {
                        "url": {
                            "host": "{{baseUrl}}",
                            "path": "api\/categories\/:id",
                            "query": [],
                            "raw": "{{baseUrl}}\/api\/categories\/:id",
                            "variable": [
                                {
                                    "id": "id",
                                    "key": "id",
                                    "value": "20",
                                    "description": "The ID of the category."
                                }
                            ]
                        },
                        "method": "DELETE",
                        "header": [
                            {
                                "key": "Content-Type",
                                "value": "application\/json"
                            },
                            {
                                "key": "Accept",
                                "value": "application\/json"
                            }
                        ],
                        "body": null,
                        "description": "Deletes the record with the specified `id`"
                    },
                    "response": [
                        {
                            "header": [],
                            "code": 200,
                            "body": "{\n \"status\": \"success\",\n \"message\": \"Resource deleted\",\n \"data\": {\n    \"id\": 1\n }\n}",
                            "name": ""
                        },
                        {
                            "header": [],
                            "code": 404,
                            "body": "{\n \"status\": \"failed\",\n \"message\": \"Resource not found\"\n}",
                            "name": ""
                        }
                    ]
                },
                {
                    "name": "Count Resources",
                    "request": {
                        "url": {
                            "host": "{{baseUrl}}",
                            "path": "api\/directories\/count",
                            "query": [
                                {
                                    "key": "fieldName",
                                    "value": "",
                                    "description": "Pass any field and value to search by e.g. `name=John&email=any@aol.com`. Search logic may use LIKE or `=` depending on field.",
                                    "disabled": true
                                }
                            ],
                            "raw": "{{baseUrl}}\/api\/directories\/count?fieldName="
                        },
                        "method": "GET",
                        "header": [
                            {
                                "key": "Content-Type",
                                "value": "application\/json"
                            },
                            {
                                "key": "Accept",
                                "value": "application\/json"
                            }
                        ],
                        "body": null,
                        "description": "Returns a simple count of data in this resource"
                    },
                    "response": [
                        {
                            "header": [
                                {
                                    "key": "cache-control",
                                    "value": "no-cache, private"
                                },
                                {
                                    "key": "content-type",
                                    "value": "application\/json"
                                },
                                {
                                    "key": "x-ratelimit-limit",
                                    "value": "60"
                                },
                                {
                                    "key": "x-ratelimit-remaining",
                                    "value": "55"
                                },
                                {
                                    "key": "access-control-allow-origin",
                                    "value": "*"
                                }
                            ],
                            "code": 200,
                            "body": "{\"count\":2}",
                            "name": ""
                        }
                    ]
                },
                {
                    "name": "Search Resources",
                    "request": {
                        "url": {
                            "host": "{{baseUrl}}",
                            "path": "api\/directories\/search",
                            "query": [
                                {
                                    "key": "limit",
                                    "value": "3",
                                    "description": "Total items to return e.g. `?limit=15`.",
                                    "disabled": false
                                },
                                {
                                    "key": "page",
                                    "value": "1",
                                    "description": "Page of items to return e.g. `?page=1`.",
                                    "disabled": false
                                },
                                {
                                    "key": "sort",
                                    "value": "latest",
                                    "description": "Sorting options e.g. `?sort=field1:asc,field2:asc` OR `?sort=latest\/oldest`.",
                                    "disabled": false
                                },
                                {
                                    "key": "count",
                                    "value": "",
                                    "description": "Count related models. Alternatively `with_count` e.g. `?count=relation1,relation2`.",
                                    "disabled": true
                                },
                                {
                                    "key": "contain",
                                    "value": "",
                                    "description": "Contain data from related model e.g. `?contain=relation1,relation2`.",
                                    "disabled": true
                                },
                                {
                                    "key": "fieldName",
                                    "value": "recusandae",
                                    "description": "Pass any field and value to search by e.g. `name=John&email=any@aol.com`. Search logic may use LIKE or `=` depending on field",
                                    "disabled": false
                                }
                            ],
                            "raw": "{{baseUrl}}\/api\/directories\/search?limit=3&page=1&sort=latest&count=&contain=&fieldName=recusandae"
                        },
                        "method": "GET",
                        "header": [
                            {
                                "key": "Content-Type",
                                "value": "application\/json"
                            },
                            {
                                "key": "Accept",
                                "value": "application\/json"
                            }
                        ],
                        "body": null,
                        "description": "Allows searching for data in this resource using multiple options.\n\nOptions for searching\n- By field name: e.g. `?name=John` - Specific search\n- By field name with `LIKE` operator: e.g. `?name_like=John` - Fuzzy search\n- By field name with `!=` operator: e.g. `?age_not=5`\n- By field name with `>` or `<` operator: e.g. `?age_gt=5` or `?age_lt=10`\n- By field name with `>=` or `<=` operator: e.g. `?age_gte=5` or `?age_lte=10`\n- By field name with `IN` or `NOT IN` operator: e.g. `?id_in=1,3,5` or `?id_notIn=2,4`\n- By field name with `NULL` or `NOT NULL` operator: e.g. `?email_isNull` or `?email_isNotNull`"
                    },
                    "response": [
                        {
                            "header": [
                                {
                                    "key": "cache-control",
                                    "value": "no-cache, private"
                                },
                                {
                                    "key": "content-type",
                                    "value": "application\/json"
                                },
                                {
                                    "key": "x-ratelimit-limit",
                                    "value": "60"
                                },
                                {
                                    "key": "x-ratelimit-remaining",
                                    "value": "54"
                                },
                                {
                                    "key": "access-control-allow-origin",
                                    "value": "*"
                                }
                            ],
                            "code": 500,
                            "body": "{\n    \"message\": \"SQLSTATE[42S22]: Column not found: 1054 Unknown column 'latest' in 'ORDER BY' (Connection: mysql, SQL: select * from `directories` order by `latest` asc limit 3 offset 0)\",\n    \"exception\": \"Illuminate\\\\Database\\\\QueryException\",\n    \"file\": \"\/var\/www\/vendor\/laravel\/framework\/src\/Illuminate\/Database\/Connection.php\",\n    \"line\": 822,\n    \"trace\": [\n        {\n            \"file\": \"\/var\/www\/vendor\/laravel\/framework\/src\/Illuminate\/Database\/Connection.php\",\n            \"line\": 776,\n            \"function\": \"runQueryCallback\",\n            \"class\": \"Illuminate\\\\Database\\\\Connection\",\n            \"type\": \"->\"\n        },\n        {\n            \"file\": \"\/var\/www\/vendor\/laravel\/framework\/src\/Illuminate\/Database\/Connection.php\",\n            \"line\": 407,\n            \"function\": \"run\",\n            \"class\": \"Illuminate\\\\Database\\\\Connection\",\n            \"type\": \"->\"\n        },\n        {\n            \"file\": \"\/var\/www\/vendor\/laravel\/framework\/src\/Illuminate\/Database\/Query\/Builder.php\",\n            \"line\": 2751,\n            \"function\": \"select\",\n            \"class\": \"Illuminate\\\\Database\\\\Connection\",\n            \"type\": \"->\"\n        },\n        {\n            \"file\": \"\/var\/www\/vendor\/laravel\/framework\/src\/Illuminate\/Database\/Query\/Builder.php\",\n            \"line\": 2740,\n            \"function\": \"runSelect\",\n            \"class\": \"Illuminate\\\\Database\\\\Query\\\\Builder\",\n            \"type\": \"->\"\n        },\n        {\n            \"file\": \"\/var\/www\/vendor\/laravel\/framework\/src\/Illuminate\/Database\/Query\/Builder.php\",\n            \"line\": 3294,\n            \"function\": \"Illuminate\\\\Database\\\\Query\\\\{closure}\",\n            \"class\": \"Illuminate\\\\Database\\\\Query\\\\Builder\",\n            \"type\": \"->\"\n        },\n        {\n            \"file\": \"\/var\/www\/vendor\/laravel\/framework\/src\/Illuminate\/Database\/Query\/Builder.php\",\n            \"line\": 2739,\n            \"function\": \"onceWithColumns\",\n            \"class\": \"Illuminate\\\\Database\\\\Query\\\\Builder\",\n            \"type\": \"->\"\n        },\n        {\n            \"file\": \"\/var\/www\/vendor\/laravel\/framework\/src\/Illuminate\/Database\/Eloquent\/Builder.php\",\n            \"line\": 737,\n            \"function\": \"get\",\n            \"class\": \"Illuminate\\\\Database\\\\Query\\\\Builder\",\n            \"type\": \"->\"\n        },\n        {\n            \"file\": \"\/var\/www\/vendor\/laravel\/framework\/src\/Illuminate\/Database\/Eloquent\/Builder.php\",\n            \"line\": 721,\n            \"function\": \"getModels\",\n            \"class\": \"Illuminate\\\\Database\\\\Eloquent\\\\Builder\",\n            \"type\": \"->\"\n        },\n        {\n            \"file\": \"\/var\/www\/vendor\/laravel\/framework\/src\/Illuminate\/Database\/Eloquent\/Builder.php\",\n            \"line\": 929,\n            \"function\": \"get\",\n            \"class\": \"Illuminate\\\\Database\\\\Eloquent\\\\Builder\",\n            \"type\": \"->\"\n        },\n        {\n            \"file\": \"\/var\/www\/vendor\/fadugyamfi\/laravel-api-base\/src\/Models\/ApiModelBehavior.php\",\n            \"line\": 220,\n            \"function\": \"paginate\",\n            \"class\": \"Illuminate\\\\Database\\\\Eloquent\\\\Builder\",\n            \"type\": \"->\"\n        },\n        {\n            \"file\": \"\/var\/www\/vendor\/fadugyamfi\/laravel-api-base\/src\/Http\/Controllers\/ApiControllerBehavior.php\",\n            \"line\": 346,\n            \"function\": \"search\",\n            \"class\": \"LaravelApiBase\\\\Models\\\\ApiModel\",\n            \"type\": \"->\"\n        },\n        {\n            \"file\": \"\/var\/www\/vendor\/laravel\/framework\/src\/Illuminate\/Routing\/Controller.php\",\n            \"line\": 54,\n            \"function\": \"search\",\n            \"class\": \"App\\\\Http\\\\Controllers\\\\Api\\\\DirectoryController\",\n            \"type\": \"->\"\n        },\n        {\n            \"file\": \"\/var\/www\/vendor\/laravel\/framework\/src\/Illuminate\/Routing\/ControllerDispatcher.php\",\n            \"line\": 43,\n            \"function\": \"callAction\",\n            \"class\": \"Illuminate\\\\Routing\\\\Controller\",\n            \"type\": \"->\"\n        },\n        {\n            \"file\": \"\/var\/www\/vendor\/laravel\/framework\/src\/Illuminate\/Routing\/Route.php\",\n            \"line\": 259,\n            \"function\": \"dispatch\",\n            \"class\": \"Illuminate\\\\Routing\\\\ControllerDispatcher\",\n            \"type\": \"->\"\n        },\n        {\n            \"file\": \"\/var\/www\/vendor\/laravel\/framework\/src\/Illuminate\/Routing\/Route.php\",\n            \"line\": 205,\n            \"function\": \"runController\",\n            \"class\": \"Illuminate\\\\Routing\\\\Route\",\n            \"type\": \"->\"\n        },\n        {\n            \"file\": \"\/var\/www\/vendor\/laravel\/framework\/src\/Illuminate\/Routing\/Router.php\",\n            \"line\": 806,\n            \"function\": \"run\",\n            \"class\": \"Illuminate\\\\Routing\\\\Route\",\n            \"type\": \"->\"\n        },\n        {\n            \"file\": \"\/var\/www\/vendor\/laravel\/framework\/src\/Illuminate\/Pipeline\/Pipeline.php\",\n            \"line\": 144,\n            \"function\": \"Illuminate\\\\Routing\\\\{closure}\",\n            \"class\": \"Illuminate\\\\Routing\\\\Router\",\n            \"type\": \"->\"\n        },\n        {\n            \"file\": \"\/var\/www\/vendor\/laravel\/framework\/src\/Illuminate\/Routing\/Middleware\/SubstituteBindings.php\",\n            \"line\": 50,\n            \"function\": \"Illuminate\\\\Pipeline\\\\{closure}\",\n            \"class\": \"Illuminate\\\\Pipeline\\\\Pipeline\",\n            \"type\": \"->\"\n        },\n        {\n            \"file\": \"\/var\/www\/vendor\/laravel\/framework\/src\/Illuminate\/Pipeline\/Pipeline.php\",\n            \"line\": 183,\n            \"function\": \"handle\",\n            \"class\": \"Illuminate\\\\Routing\\\\Middleware\\\\SubstituteBindings\",\n            \"type\": \"->\"\n        },\n        {\n            \"file\": \"\/var\/www\/vendor\/laravel\/framework\/src\/Illuminate\/Routing\/Middleware\/ThrottleRequests.php\",\n            \"line\": 159,\n            \"function\": \"Illuminate\\\\Pipeline\\\\{closure}\",\n            \"class\": \"Illuminate\\\\Pipeline\\\\Pipeline\",\n            \"type\": \"->\"\n        },\n        {\n            \"file\": \"\/var\/www\/vendor\/laravel\/framework\/src\/Illuminate\/Routing\/Middleware\/ThrottleRequests.php\",\n            \"line\": 125,\n            \"function\": \"handleRequest\",\n            \"class\": \"Illuminate\\\\Routing\\\\Middleware\\\\ThrottleRequests\",\n            \"type\": \"->\"\n        },\n        {\n            \"file\": \"\/var\/www\/vendor\/laravel\/framework\/src\/Illuminate\/Routing\/Middleware\/ThrottleRequests.php\",\n            \"line\": 87,\n            \"function\": \"handleRequestUsingNamedLimiter\",\n            \"class\": \"Illuminate\\\\Routing\\\\Middleware\\\\ThrottleRequests\",\n            \"type\": \"->\"\n        },\n        {\n            \"file\": \"\/var\/www\/vendor\/laravel\/framework\/src\/Illuminate\/Pipeline\/Pipeline.php\",\n            \"line\": 183,\n            \"function\": \"handle\",\n            \"class\": \"Illuminate\\\\Routing\\\\Middleware\\\\ThrottleRequests\",\n            \"type\": \"->\"\n        },\n        {\n            \"file\": \"\/var\/www\/vendor\/laravel\/framework\/src\/Illuminate\/Pipeline\/Pipeline.php\",\n            \"line\": 119,\n            \"function\": \"Illuminate\\\\Pipeline\\\\{closure}\",\n            \"class\": \"Illuminate\\\\Pipeline\\\\Pipeline\",\n            \"type\": \"->\"\n        },\n        {\n            \"file\": \"\/var\/www\/vendor\/laravel\/framework\/src\/Illuminate\/Routing\/Router.php\",\n            \"line\": 805,\n            \"function\": \"then\",\n            \"class\": \"Illuminate\\\\Pipeline\\\\Pipeline\",\n            \"type\": \"->\"\n        },\n        {\n            \"file\": \"\/var\/www\/vendor\/laravel\/framework\/src\/Illuminate\/Routing\/Router.php\",\n            \"line\": 784,\n            \"function\": \"runRouteWithinStack\",\n            \"class\": \"Illuminate\\\\Routing\\\\Router\",\n            \"type\": \"->\"\n        },\n        {\n            \"file\": \"\/var\/www\/vendor\/laravel\/framework\/src\/Illuminate\/Routing\/Router.php\",\n            \"line\": 748,\n            \"function\": \"runRoute\",\n            \"class\": \"Illuminate\\\\Routing\\\\Router\",\n            \"type\": \"->\"\n        },\n        {\n            \"file\": \"\/var\/www\/vendor\/laravel\/framework\/src\/Illuminate\/Routing\/Router.php\",\n            \"line\": 737,\n            \"function\": \"dispatchToRoute\",\n            \"class\": \"Illuminate\\\\Routing\\\\Router\",\n            \"type\": \"->\"\n        },\n        {\n            \"file\": \"\/var\/www\/vendor\/laravel\/framework\/src\/Illuminate\/Foundation\/Http\/Kernel.php\",\n            \"line\": 200,\n            \"function\": \"dispatch\",\n            \"class\": \"Illuminate\\\\Routing\\\\Router\",\n            \"type\": \"->\"\n        },\n        {\n            \"file\": \"\/var\/www\/vendor\/laravel\/framework\/src\/Illuminate\/Pipeline\/Pipeline.php\",\n            \"line\": 144,\n            \"function\": \"Illuminate\\\\Foundation\\\\Http\\\\{closure}\",\n            \"class\": \"Illuminate\\\\Foundation\\\\Http\\\\Kernel\",\n            \"type\": \"->\"\n        },\n        {\n            \"file\": \"\/var\/www\/vendor\/laravel\/framework\/src\/Illuminate\/Foundation\/Http\/Middleware\/TransformsRequest.php\",\n            \"line\": 21,\n            \"function\": \"Illuminate\\\\Pipeline\\\\{closure}\",\n            \"class\": \"Illuminate\\\\Pipeline\\\\Pipeline\",\n            \"type\": \"->\"\n        },\n        {\n            \"file\": \"\/var\/www\/vendor\/laravel\/framework\/src\/Illuminate\/Foundation\/Http\/Middleware\/ConvertEmptyStringsToNull.php\",\n            \"line\": 31,\n            \"function\": \"handle\",\n            \"class\": \"Illuminate\\\\Foundation\\\\Http\\\\Middleware\\\\TransformsRequest\",\n            \"type\": \"->\"\n        },\n        {\n            \"file\": \"\/var\/www\/vendor\/laravel\/framework\/src\/Illuminate\/Pipeline\/Pipeline.php\",\n            \"line\": 183,\n            \"function\": \"handle\",\n            \"class\": \"Illuminate\\\\Foundation\\\\Http\\\\Middleware\\\\ConvertEmptyStringsToNull\",\n            \"type\": \"->\"\n        },\n        {\n            \"file\": \"\/var\/www\/vendor\/laravel\/framework\/src\/Illuminate\/Foundation\/Http\/Middleware\/TransformsRequest.php\",\n            \"line\": 21,\n            \"function\": \"Illuminate\\\\Pipeline\\\\{closure}\",\n            \"class\": \"Illuminate\\\\Pipeline\\\\Pipeline\",\n            \"type\": \"->\"\n        },\n        {\n            \"file\": \"\/var\/www\/vendor\/laravel\/framework\/src\/Illuminate\/Foundation\/Http\/Middleware\/TrimStrings.php\",\n            \"line\": 40,\n            \"function\": \"handle\",\n            \"class\": \"Illuminate\\\\Foundation\\\\Http\\\\Middleware\\\\TransformsRequest\",\n            \"type\": \"->\"\n        },\n        {\n            \"file\": \"\/var\/www\/vendor\/laravel\/framework\/src\/Illuminate\/Pipeline\/Pipeline.php\",\n            \"line\": 183,\n            \"function\": \"handle\",\n            \"class\": \"Illuminate\\\\Foundation\\\\Http\\\\Middleware\\\\TrimStrings\",\n            \"type\": \"->\"\n        },\n        {\n            \"file\": \"\/var\/www\/vendor\/laravel\/framework\/src\/Illuminate\/Foundation\/Http\/Middleware\/ValidatePostSize.php\",\n            \"line\": 27,\n            \"function\": \"Illuminate\\\\Pipeline\\\\{closure}\",\n            \"class\": \"Illuminate\\\\Pipeline\\\\Pipeline\",\n            \"type\": \"->\"\n        },\n        {\n            \"file\": \"\/var\/www\/vendor\/laravel\/framework\/src\/Illuminate\/Pipeline\/Pipeline.php\",\n            \"line\": 183,\n            \"function\": \"handle\",\n            \"class\": \"Illuminate\\\\Foundation\\\\Http\\\\Middleware\\\\ValidatePostSize\",\n            \"type\": \"->\"\n        },\n        {\n            \"file\": \"\/var\/www\/vendor\/laravel\/framework\/src\/Illuminate\/Foundation\/Http\/Middleware\/PreventRequestsDuringMaintenance.php\",\n            \"line\": 99,\n            \"function\": \"Illuminate\\\\Pipeline\\\\{closure}\",\n            \"class\": \"Illuminate\\\\Pipeline\\\\Pipeline\",\n            \"type\": \"->\"\n        },\n        {\n            \"file\": \"\/var\/www\/vendor\/laravel\/framework\/src\/Illuminate\/Pipeline\/Pipeline.php\",\n            \"line\": 183,\n            \"function\": \"handle\",\n            \"class\": \"Illuminate\\\\Foundation\\\\Http\\\\Middleware\\\\PreventRequestsDuringMaintenance\",\n            \"type\": \"->\"\n        },\n        {\n            \"file\": \"\/var\/www\/vendor\/laravel\/framework\/src\/Illuminate\/Http\/Middleware\/HandleCors.php\",\n            \"line\": 62,\n            \"function\": \"Illuminate\\\\Pipeline\\\\{closure}\",\n            \"class\": \"Illuminate\\\\Pipeline\\\\Pipeline\",\n            \"type\": \"->\"\n        },\n        {\n            \"file\": \"\/var\/www\/vendor\/laravel\/framework\/src\/Illuminate\/Pipeline\/Pipeline.php\",\n            \"line\": 183,\n            \"function\": \"handle\",\n            \"class\": \"Illuminate\\\\Http\\\\Middleware\\\\HandleCors\",\n            \"type\": \"->\"\n        },\n        {\n            \"file\": \"\/var\/www\/vendor\/laravel\/framework\/src\/Illuminate\/Http\/Middleware\/TrustProxies.php\",\n            \"line\": 39,\n            \"function\": \"Illuminate\\\\Pipeline\\\\{closure}\",\n            \"class\": \"Illuminate\\\\Pipeline\\\\Pipeline\",\n            \"type\": \"->\"\n        },\n        {\n            \"file\": \"\/var\/www\/vendor\/laravel\/framework\/src\/Illuminate\/Pipeline\/Pipeline.php\",\n            \"line\": 183,\n            \"function\": \"handle\",\n            \"class\": \"Illuminate\\\\Http\\\\Middleware\\\\TrustProxies\",\n            \"type\": \"->\"\n        },\n        {\n            \"file\": \"\/var\/www\/vendor\/laravel\/framework\/src\/Illuminate\/Pipeline\/Pipeline.php\",\n            \"line\": 119,\n            \"function\": \"Illuminate\\\\Pipeline\\\\{closure}\",\n            \"class\": \"Illuminate\\\\Pipeline\\\\Pipeline\",\n            \"type\": \"->\"\n        },\n        {\n            \"file\": \"\/var\/www\/vendor\/laravel\/framework\/src\/Illuminate\/Foundation\/Http\/Kernel.php\",\n            \"line\": 175,\n            \"function\": \"then\",\n            \"class\": \"Illuminate\\\\Pipeline\\\\Pipeline\",\n            \"type\": \"->\"\n        },\n        {\n            \"file\": \"\/var\/www\/vendor\/laravel\/framework\/src\/Illuminate\/Foundation\/Http\/Kernel.php\",\n            \"line\": 144,\n            \"function\": \"sendRequestThroughRouter\",\n            \"class\": \"Illuminate\\\\Foundation\\\\Http\\\\Kernel\",\n            \"type\": \"->\"\n        },\n        {\n            \"file\": \"\/var\/www\/vendor\/knuckleswtf\/scribe\/src\/Extracting\/Strategies\/Responses\/ResponseCalls.php\",\n            \"line\": 300,\n            \"function\": \"handle\",\n            \"class\": \"Illuminate\\\\Foundation\\\\Http\\\\Kernel\",\n            \"type\": \"->\"\n        },\n        {\n            \"file\": \"\/var\/www\/vendor\/knuckleswtf\/scribe\/src\/Extracting\/Strategies\/Responses\/ResponseCalls.php\",\n            \"line\": 288,\n            \"function\": \"callLaravelOrLumenRoute\",\n            \"class\": \"Knuckles\\\\Scribe\\\\Extracting\\\\Strategies\\\\Responses\\\\ResponseCalls\",\n            \"type\": \"->\"\n        },\n        {\n            \"file\": \"\/var\/www\/vendor\/knuckleswtf\/scribe\/src\/Extracting\/Strategies\/Responses\/ResponseCalls.php\",\n            \"line\": 91,\n            \"function\": \"makeApiCall\",\n            \"class\": \"Knuckles\\\\Scribe\\\\Extracting\\\\Strategies\\\\Responses\\\\ResponseCalls\",\n            \"type\": \"->\"\n        },\n        {\n            \"file\": \"\/var\/www\/vendor\/knuckleswtf\/scribe\/src\/Extracting\/Strategies\/Responses\/ResponseCalls.php\",\n            \"line\": 44,\n            \"function\": \"makeResponseCall\",\n            \"class\": \"Knuckles\\\\Scribe\\\\Extracting\\\\Strategies\\\\Responses\\\\ResponseCalls\",\n            \"type\": \"->\"\n        },\n        {\n            \"file\": \"\/var\/www\/vendor\/knuckleswtf\/scribe\/src\/Extracting\/Strategies\/Responses\/ResponseCalls.php\",\n            \"line\": 35,\n            \"function\": \"makeResponseCallIfConditionsPass\",\n            \"class\": \"Knuckles\\\\Scribe\\\\Extracting\\\\Strategies\\\\Responses\\\\ResponseCalls\",\n            \"type\": \"->\"\n        },\n        {\n            \"file\": \"\/var\/www\/vendor\/knuckleswtf\/scribe\/src\/Extracting\/Extractor.php\",\n            \"line\": 236,\n            \"function\": \"__invoke\",\n            \"class\": \"Knuckles\\\\Scribe\\\\Extracting\\\\Strategies\\\\Responses\\\\ResponseCalls\",\n            \"type\": \"->\"\n        },\n        {\n            \"file\": \"\/var\/www\/vendor\/knuckleswtf\/scribe\/src\/Extracting\/Extractor.php\",\n            \"line\": 163,\n            \"function\": \"iterateThroughStrategies\",\n            \"class\": \"Knuckles\\\\Scribe\\\\Extracting\\\\Extractor\",\n            \"type\": \"->\"\n        },\n        {\n            \"file\": \"\/var\/www\/vendor\/knuckleswtf\/scribe\/src\/Extracting\/Extractor.php\",\n            \"line\": 95,\n            \"function\": \"fetchResponses\",\n            \"class\": \"Knuckles\\\\Scribe\\\\Extracting\\\\Extractor\",\n            \"type\": \"->\"\n        },\n        {\n            \"file\": \"\/var\/www\/vendor\/knuckleswtf\/scribe\/src\/GroupedEndpoints\/GroupedEndpointsFromApp.php\",\n            \"line\": 125,\n            \"function\": \"processRoute\",\n            \"class\": \"Knuckles\\\\Scribe\\\\Extracting\\\\Extractor\",\n            \"type\": \"->\"\n        },\n        {\n            \"file\": \"\/var\/www\/vendor\/knuckleswtf\/scribe\/src\/GroupedEndpoints\/GroupedEndpointsFromApp.php\",\n            \"line\": 72,\n            \"function\": \"extractEndpointsInfoFromLaravelApp\",\n            \"class\": \"Knuckles\\\\Scribe\\\\GroupedEndpoints\\\\GroupedEndpointsFromApp\",\n            \"type\": \"->\"\n        },\n        {\n            \"file\": \"\/var\/www\/vendor\/knuckleswtf\/scribe\/src\/GroupedEndpoints\/GroupedEndpointsFromApp.php\",\n            \"line\": 50,\n            \"function\": \"extractEndpointsInfoAndWriteToDisk\",\n            \"class\": \"Knuckles\\\\Scribe\\\\GroupedEndpoints\\\\GroupedEndpointsFromApp\",\n            \"type\": \"->\"\n        },\n        {\n            \"file\": \"\/var\/www\/vendor\/knuckleswtf\/scribe\/src\/Commands\/GenerateDocumentation.php\",\n            \"line\": 53,\n            \"function\": \"get\",\n            \"class\": \"Knuckles\\\\Scribe\\\\GroupedEndpoints\\\\GroupedEndpointsFromApp\",\n            \"type\": \"->\"\n        },\n        {\n            \"file\": \"\/var\/www\/vendor\/laravel\/framework\/src\/Illuminate\/Container\/BoundMethod.php\",\n            \"line\": 36,\n            \"function\": \"handle\",\n            \"class\": \"Knuckles\\\\Scribe\\\\Commands\\\\GenerateDocumentation\",\n            \"type\": \"->\"\n        },\n        {\n            \"file\": \"\/var\/www\/vendor\/laravel\/framework\/src\/Illuminate\/Container\/Util.php\",\n            \"line\": 41,\n            \"function\": \"Illuminate\\\\Container\\\\{closure}\",\n            \"class\": \"Illuminate\\\\Container\\\\BoundMethod\",\n            \"type\": \"::\"\n        },\n        {\n            \"file\": \"\/var\/www\/vendor\/laravel\/framework\/src\/Illuminate\/Container\/BoundMethod.php\",\n            \"line\": 93,\n            \"function\": \"unwrapIfClosure\",\n            \"class\": \"Illuminate\\\\Container\\\\Util\",\n            \"type\": \"::\"\n        },\n        {\n            \"file\": \"\/var\/www\/vendor\/laravel\/framework\/src\/Illuminate\/Container\/BoundMethod.php\",\n            \"line\": 35,\n            \"function\": \"callBoundMethod\",\n            \"class\": \"Illuminate\\\\Container\\\\BoundMethod\",\n            \"type\": \"::\"\n        },\n        {\n            \"file\": \"\/var\/www\/vendor\/laravel\/framework\/src\/Illuminate\/Container\/Container.php\",\n            \"line\": 662,\n            \"function\": \"call\",\n            \"class\": \"Illuminate\\\\Container\\\\BoundMethod\",\n            \"type\": \"::\"\n        },\n        {\n            \"file\": \"\/var\/www\/vendor\/laravel\/framework\/src\/Illuminate\/Console\/Command.php\",\n            \"line\": 211,\n            \"function\": \"call\",\n            \"class\": \"Illuminate\\\\Container\\\\Container\",\n            \"type\": \"->\"\n        },\n        {\n            \"file\": \"\/var\/www\/vendor\/symfony\/console\/Command\/Command.php\",\n            \"line\": 326,\n            \"function\": \"execute\",\n            \"class\": \"Illuminate\\\\Console\\\\Command\",\n            \"type\": \"->\"\n        },\n        {\n            \"file\": \"\/var\/www\/vendor\/laravel\/framework\/src\/Illuminate\/Console\/Command.php\",\n            \"line\": 180,\n            \"function\": \"run\",\n            \"class\": \"Symfony\\\\Component\\\\Console\\\\Command\\\\Command\",\n            \"type\": \"->\"\n        },\n        {\n            \"file\": \"\/var\/www\/vendor\/symfony\/console\/Application.php\",\n            \"line\": 1096,\n            \"function\": \"run\",\n            \"class\": \"Illuminate\\\\Console\\\\Command\",\n            \"type\": \"->\"\n        },\n        {\n            \"file\": \"\/var\/www\/vendor\/symfony\/console\/Application.php\",\n            \"line\": 324,\n            \"function\": \"doRunCommand\",\n            \"class\": \"Symfony\\\\Component\\\\Console\\\\Application\",\n            \"type\": \"->\"\n        },\n        {\n            \"file\": \"\/var\/www\/vendor\/symfony\/console\/Application.php\",\n            \"line\": 175,\n            \"function\": \"doRun\",\n            \"class\": \"Symfony\\\\Component\\\\Console\\\\Application\",\n            \"type\": \"->\"\n        },\n        {\n            \"file\": \"\/var\/www\/vendor\/laravel\/framework\/src\/Illuminate\/Foundation\/Console\/Kernel.php\",\n            \"line\": 201,\n            \"function\": \"run\",\n            \"class\": \"Symfony\\\\Component\\\\Console\\\\Application\",\n            \"type\": \"->\"\n        },\n        {\n            \"file\": \"\/var\/www\/artisan\",\n            \"line\": 35,\n            \"function\": \"handle\",\n            \"class\": \"Illuminate\\\\Foundation\\\\Console\\\\Kernel\",\n            \"type\": \"->\"\n        }\n    ]\n}",
                            "name": ""
                        }
                    ]
                },
                {
                    "name": "Get All",
                    "request": {
                        "url": {
                            "host": "{{baseUrl}}",
                            "path": "api\/directories",
                            "query": [
                                {
                                    "key": "limit",
                                    "value": "3",
                                    "description": "Total items to return e.g. `?limit=15`.",
                                    "disabled": false
                                },
                                {
                                    "key": "page",
                                    "value": "1",
                                    "description": "Page of items to return e.g. `?page=1`.",
                                    "disabled": false
                                },
                                {
                                    "key": "sort",
                                    "value": "latest",
                                    "description": "Sorting options e.g. `?sort=field1:asc,field2:asc` OR `?sort=latest\/oldest`.",
                                    "disabled": false
                                },
                                {
                                    "key": "count",
                                    "value": "",
                                    "description": "Count related models. Alternatively `with_count` e.g. `?count=relation1,relation2`.",
                                    "disabled": true
                                },
                                {
                                    "key": "contain",
                                    "value": "",
                                    "description": "Contain data from related model e.g. `?contain=relation1,relation2`.",
                                    "disabled": true
                                },
                                {
                                    "key": "fieldName",
                                    "value": "",
                                    "description": "Pass any field and value to filter results e.g. `name=John&email=any@aol.com`.",
                                    "disabled": true
                                }
                            ],
                            "raw": "{{baseUrl}}\/api\/directories?limit=3&page=1&sort=latest&count=&contain=&fieldName="
                        },
                        "method": "GET",
                        "header": [
                            {
                                "key": "Content-Type",
                                "value": "application\/json"
                            },
                            {
                                "key": "Accept",
                                "value": "application\/json"
                            }
                        ],
                        "body": null,
                        "description": "Returns a list of items in this resource and allows filtering the data based on fields in the database\n\nOptions for searching \/ filtering\n- By field name: e.g. `?name=John` - Specific search\n- By field name with `LIKE` operator: e.g. `?name_like=John` - Fuzzy search\n- By field name with `!=` operator: e.g. `?age_not=5`\n- By field name with `>` or `<` operator: e.g. `?age_gt=5` or `?age_lt=10`\n- By field name with `>=` or `<=` operator: e.g. `?age_gte=5` or `?age_lte=10`\n- By field name with `IN` or `NOT IN` operator: e.g. `?id_in=1,3,5` or `?id_notIn=2,4`\n- By field name with `NULL` or `NOT NULL` operator: e.g. `?email_isNull` or `?email_isNotNull`"
                    },
                    "response": [
                        {
                            "header": [
                                {
                                    "key": "cache-control",
                                    "value": "no-cache, private"
                                },
                                {
                                    "key": "content-type",
                                    "value": "application\/json"
                                },
                                {
                                    "key": "x-ratelimit-limit",
                                    "value": "60"
                                },
                                {
                                    "key": "x-ratelimit-remaining",
                                    "value": "53"
                                },
                                {
                                    "key": "access-control-allow-origin",
                                    "value": "*"
                                }
                            ],
                            "code": 500,
                            "body": "{\n    \"message\": \"SQLSTATE[42S22]: Column not found: 1054 Unknown column 'latest' in 'ORDER BY' (Connection: mysql, SQL: select * from `directories` order by `latest` asc limit 3 offset 0)\",\n    \"exception\": \"Illuminate\\\\Database\\\\QueryException\",\n    \"file\": \"\/var\/www\/vendor\/laravel\/framework\/src\/Illuminate\/Database\/Connection.php\",\n    \"line\": 822,\n    \"trace\": [\n        {\n            \"file\": \"\/var\/www\/vendor\/laravel\/framework\/src\/Illuminate\/Database\/Connection.php\",\n            \"line\": 776,\n            \"function\": \"runQueryCallback\",\n            \"class\": \"Illuminate\\\\Database\\\\Connection\",\n            \"type\": \"->\"\n        },\n        {\n            \"file\": \"\/var\/www\/vendor\/laravel\/framework\/src\/Illuminate\/Database\/Connection.php\",\n            \"line\": 407,\n            \"function\": \"run\",\n            \"class\": \"Illuminate\\\\Database\\\\Connection\",\n            \"type\": \"->\"\n        },\n        {\n            \"file\": \"\/var\/www\/vendor\/laravel\/framework\/src\/Illuminate\/Database\/Query\/Builder.php\",\n            \"line\": 2751,\n            \"function\": \"select\",\n            \"class\": \"Illuminate\\\\Database\\\\Connection\",\n            \"type\": \"->\"\n        },\n        {\n            \"file\": \"\/var\/www\/vendor\/laravel\/framework\/src\/Illuminate\/Database\/Query\/Builder.php\",\n            \"line\": 2740,\n            \"function\": \"runSelect\",\n            \"class\": \"Illuminate\\\\Database\\\\Query\\\\Builder\",\n            \"type\": \"->\"\n        },\n        {\n            \"file\": \"\/var\/www\/vendor\/laravel\/framework\/src\/Illuminate\/Database\/Query\/Builder.php\",\n            \"line\": 3294,\n            \"function\": \"Illuminate\\\\Database\\\\Query\\\\{closure}\",\n            \"class\": \"Illuminate\\\\Database\\\\Query\\\\Builder\",\n            \"type\": \"->\"\n        },\n        {\n            \"file\": \"\/var\/www\/vendor\/laravel\/framework\/src\/Illuminate\/Database\/Query\/Builder.php\",\n            \"line\": 2739,\n            \"function\": \"onceWithColumns\",\n            \"class\": \"Illuminate\\\\Database\\\\Query\\\\Builder\",\n            \"type\": \"->\"\n        },\n        {\n            \"file\": \"\/var\/www\/vendor\/laravel\/framework\/src\/Illuminate\/Database\/Eloquent\/Builder.php\",\n            \"line\": 737,\n            \"function\": \"get\",\n            \"class\": \"Illuminate\\\\Database\\\\Query\\\\Builder\",\n            \"type\": \"->\"\n        },\n        {\n            \"file\": \"\/var\/www\/vendor\/laravel\/framework\/src\/Illuminate\/Database\/Eloquent\/Builder.php\",\n            \"line\": 721,\n            \"function\": \"getModels\",\n            \"class\": \"Illuminate\\\\Database\\\\Eloquent\\\\Builder\",\n            \"type\": \"->\"\n        },\n        {\n            \"file\": \"\/var\/www\/vendor\/laravel\/framework\/src\/Illuminate\/Database\/Eloquent\/Builder.php\",\n            \"line\": 929,\n            \"function\": \"get\",\n            \"class\": \"Illuminate\\\\Database\\\\Eloquent\\\\Builder\",\n            \"type\": \"->\"\n        },\n        {\n            \"file\": \"\/var\/www\/vendor\/fadugyamfi\/laravel-api-base\/src\/Models\/ApiModelBehavior.php\",\n            \"line\": 34,\n            \"function\": \"paginate\",\n            \"class\": \"Illuminate\\\\Database\\\\Eloquent\\\\Builder\",\n            \"type\": \"->\"\n        },\n        {\n            \"file\": \"\/var\/www\/vendor\/fadugyamfi\/laravel-api-base\/src\/Http\/Controllers\/ApiControllerBehavior.php\",\n            \"line\": 128,\n            \"function\": \"getAll\",\n            \"class\": \"LaravelApiBase\\\\Models\\\\ApiModel\",\n            \"type\": \"->\"\n        },\n        {\n            \"file\": \"\/var\/www\/vendor\/laravel\/framework\/src\/Illuminate\/Routing\/Controller.php\",\n            \"line\": 54,\n            \"function\": \"index\",\n            \"class\": \"App\\\\Http\\\\Controllers\\\\Api\\\\DirectoryController\",\n            \"type\": \"->\"\n        },\n        {\n            \"file\": \"\/var\/www\/vendor\/laravel\/framework\/src\/Illuminate\/Routing\/ControllerDispatcher.php\",\n            \"line\": 43,\n            \"function\": \"callAction\",\n            \"class\": \"Illuminate\\\\Routing\\\\Controller\",\n            \"type\": \"->\"\n        },\n        {\n            \"file\": \"\/var\/www\/vendor\/laravel\/framework\/src\/Illuminate\/Routing\/Route.php\",\n            \"line\": 259,\n            \"function\": \"dispatch\",\n            \"class\": \"Illuminate\\\\Routing\\\\ControllerDispatcher\",\n            \"type\": \"->\"\n        },\n        {\n            \"file\": \"\/var\/www\/vendor\/laravel\/framework\/src\/Illuminate\/Routing\/Route.php\",\n            \"line\": 205,\n            \"function\": \"runController\",\n            \"class\": \"Illuminate\\\\Routing\\\\Route\",\n            \"type\": \"->\"\n        },\n        {\n            \"file\": \"\/var\/www\/vendor\/laravel\/framework\/src\/Illuminate\/Routing\/Router.php\",\n            \"line\": 806,\n            \"function\": \"run\",\n            \"class\": \"Illuminate\\\\Routing\\\\Route\",\n            \"type\": \"->\"\n        },\n        {\n            \"file\": \"\/var\/www\/vendor\/laravel\/framework\/src\/Illuminate\/Pipeline\/Pipeline.php\",\n            \"line\": 144,\n            \"function\": \"Illuminate\\\\Routing\\\\{closure}\",\n            \"class\": \"Illuminate\\\\Routing\\\\Router\",\n            \"type\": \"->\"\n        },\n        {\n            \"file\": \"\/var\/www\/vendor\/laravel\/framework\/src\/Illuminate\/Routing\/Middleware\/SubstituteBindings.php\",\n            \"line\": 50,\n            \"function\": \"Illuminate\\\\Pipeline\\\\{closure}\",\n            \"class\": \"Illuminate\\\\Pipeline\\\\Pipeline\",\n            \"type\": \"->\"\n        },\n        {\n            \"file\": \"\/var\/www\/vendor\/laravel\/framework\/src\/Illuminate\/Pipeline\/Pipeline.php\",\n            \"line\": 183,\n            \"function\": \"handle\",\n            \"class\": \"Illuminate\\\\Routing\\\\Middleware\\\\SubstituteBindings\",\n            \"type\": \"->\"\n        },\n        {\n            \"file\": \"\/var\/www\/vendor\/laravel\/framework\/src\/Illuminate\/Routing\/Middleware\/ThrottleRequests.php\",\n            \"line\": 159,\n            \"function\": \"Illuminate\\\\Pipeline\\\\{closure}\",\n            \"class\": \"Illuminate\\\\Pipeline\\\\Pipeline\",\n            \"type\": \"->\"\n        },\n        {\n            \"file\": \"\/var\/www\/vendor\/laravel\/framework\/src\/Illuminate\/Routing\/Middleware\/ThrottleRequests.php\",\n            \"line\": 125,\n            \"function\": \"handleRequest\",\n            \"class\": \"Illuminate\\\\Routing\\\\Middleware\\\\ThrottleRequests\",\n            \"type\": \"->\"\n        },\n        {\n            \"file\": \"\/var\/www\/vendor\/laravel\/framework\/src\/Illuminate\/Routing\/Middleware\/ThrottleRequests.php\",\n            \"line\": 87,\n            \"function\": \"handleRequestUsingNamedLimiter\",\n            \"class\": \"Illuminate\\\\Routing\\\\Middleware\\\\ThrottleRequests\",\n            \"type\": \"->\"\n        },\n        {\n            \"file\": \"\/var\/www\/vendor\/laravel\/framework\/src\/Illuminate\/Pipeline\/Pipeline.php\",\n            \"line\": 183,\n            \"function\": \"handle\",\n            \"class\": \"Illuminate\\\\Routing\\\\Middleware\\\\ThrottleRequests\",\n            \"type\": \"->\"\n        },\n        {\n            \"file\": \"\/var\/www\/vendor\/laravel\/framework\/src\/Illuminate\/Pipeline\/Pipeline.php\",\n            \"line\": 119,\n            \"function\": \"Illuminate\\\\Pipeline\\\\{closure}\",\n            \"class\": \"Illuminate\\\\Pipeline\\\\Pipeline\",\n            \"type\": \"->\"\n        },\n        {\n            \"file\": \"\/var\/www\/vendor\/laravel\/framework\/src\/Illuminate\/Routing\/Router.php\",\n            \"line\": 805,\n            \"function\": \"then\",\n            \"class\": \"Illuminate\\\\Pipeline\\\\Pipeline\",\n            \"type\": \"->\"\n        },\n        {\n            \"file\": \"\/var\/www\/vendor\/laravel\/framework\/src\/Illuminate\/Routing\/Router.php\",\n            \"line\": 784,\n            \"function\": \"runRouteWithinStack\",\n            \"class\": \"Illuminate\\\\Routing\\\\Router\",\n            \"type\": \"->\"\n        },\n        {\n            \"file\": \"\/var\/www\/vendor\/laravel\/framework\/src\/Illuminate\/Routing\/Router.php\",\n            \"line\": 748,\n            \"function\": \"runRoute\",\n            \"class\": \"Illuminate\\\\Routing\\\\Router\",\n            \"type\": \"->\"\n        },\n        {\n            \"file\": \"\/var\/www\/vendor\/laravel\/framework\/src\/Illuminate\/Routing\/Router.php\",\n            \"line\": 737,\n            \"function\": \"dispatchToRoute\",\n            \"class\": \"Illuminate\\\\Routing\\\\Router\",\n            \"type\": \"->\"\n        },\n        {\n            \"file\": \"\/var\/www\/vendor\/laravel\/framework\/src\/Illuminate\/Foundation\/Http\/Kernel.php\",\n            \"line\": 200,\n            \"function\": \"dispatch\",\n            \"class\": \"Illuminate\\\\Routing\\\\Router\",\n            \"type\": \"->\"\n        },\n        {\n            \"file\": \"\/var\/www\/vendor\/laravel\/framework\/src\/Illuminate\/Pipeline\/Pipeline.php\",\n            \"line\": 144,\n            \"function\": \"Illuminate\\\\Foundation\\\\Http\\\\{closure}\",\n            \"class\": \"Illuminate\\\\Foundation\\\\Http\\\\Kernel\",\n            \"type\": \"->\"\n        },\n        {\n            \"file\": \"\/var\/www\/vendor\/laravel\/framework\/src\/Illuminate\/Foundation\/Http\/Middleware\/TransformsRequest.php\",\n            \"line\": 21,\n            \"function\": \"Illuminate\\\\Pipeline\\\\{closure}\",\n            \"class\": \"Illuminate\\\\Pipeline\\\\Pipeline\",\n            \"type\": \"->\"\n        },\n        {\n            \"file\": \"\/var\/www\/vendor\/laravel\/framework\/src\/Illuminate\/Foundation\/Http\/Middleware\/ConvertEmptyStringsToNull.php\",\n            \"line\": 31,\n            \"function\": \"handle\",\n            \"class\": \"Illuminate\\\\Foundation\\\\Http\\\\Middleware\\\\TransformsRequest\",\n            \"type\": \"->\"\n        },\n        {\n            \"file\": \"\/var\/www\/vendor\/laravel\/framework\/src\/Illuminate\/Pipeline\/Pipeline.php\",\n            \"line\": 183,\n            \"function\": \"handle\",\n            \"class\": \"Illuminate\\\\Foundation\\\\Http\\\\Middleware\\\\ConvertEmptyStringsToNull\",\n            \"type\": \"->\"\n        },\n        {\n            \"file\": \"\/var\/www\/vendor\/laravel\/framework\/src\/Illuminate\/Foundation\/Http\/Middleware\/TransformsRequest.php\",\n            \"line\": 21,\n            \"function\": \"Illuminate\\\\Pipeline\\\\{closure}\",\n            \"class\": \"Illuminate\\\\Pipeline\\\\Pipeline\",\n            \"type\": \"->\"\n        },\n        {\n            \"file\": \"\/var\/www\/vendor\/laravel\/framework\/src\/Illuminate\/Foundation\/Http\/Middleware\/TrimStrings.php\",\n            \"line\": 40,\n            \"function\": \"handle\",\n            \"class\": \"Illuminate\\\\Foundation\\\\Http\\\\Middleware\\\\TransformsRequest\",\n            \"type\": \"->\"\n        },\n        {\n            \"file\": \"\/var\/www\/vendor\/laravel\/framework\/src\/Illuminate\/Pipeline\/Pipeline.php\",\n            \"line\": 183,\n            \"function\": \"handle\",\n            \"class\": \"Illuminate\\\\Foundation\\\\Http\\\\Middleware\\\\TrimStrings\",\n            \"type\": \"->\"\n        },\n        {\n            \"file\": \"\/var\/www\/vendor\/laravel\/framework\/src\/Illuminate\/Foundation\/Http\/Middleware\/ValidatePostSize.php\",\n            \"line\": 27,\n            \"function\": \"Illuminate\\\\Pipeline\\\\{closure}\",\n            \"class\": \"Illuminate\\\\Pipeline\\\\Pipeline\",\n            \"type\": \"->\"\n        },\n        {\n            \"file\": \"\/var\/www\/vendor\/laravel\/framework\/src\/Illuminate\/Pipeline\/Pipeline.php\",\n            \"line\": 183,\n            \"function\": \"handle\",\n            \"class\": \"Illuminate\\\\Foundation\\\\Http\\\\Middleware\\\\ValidatePostSize\",\n            \"type\": \"->\"\n        },\n        {\n            \"file\": \"\/var\/www\/vendor\/laravel\/framework\/src\/Illuminate\/Foundation\/Http\/Middleware\/PreventRequestsDuringMaintenance.php\",\n            \"line\": 99,\n            \"function\": \"Illuminate\\\\Pipeline\\\\{closure}\",\n            \"class\": \"Illuminate\\\\Pipeline\\\\Pipeline\",\n            \"type\": \"->\"\n        },\n        {\n            \"file\": \"\/var\/www\/vendor\/laravel\/framework\/src\/Illuminate\/Pipeline\/Pipeline.php\",\n            \"line\": 183,\n            \"function\": \"handle\",\n            \"class\": \"Illuminate\\\\Foundation\\\\Http\\\\Middleware\\\\PreventRequestsDuringMaintenance\",\n            \"type\": \"->\"\n        },\n        {\n            \"file\": \"\/var\/www\/vendor\/laravel\/framework\/src\/Illuminate\/Http\/Middleware\/HandleCors.php\",\n            \"line\": 62,\n            \"function\": \"Illuminate\\\\Pipeline\\\\{closure}\",\n            \"class\": \"Illuminate\\\\Pipeline\\\\Pipeline\",\n            \"type\": \"->\"\n        },\n        {\n            \"file\": \"\/var\/www\/vendor\/laravel\/framework\/src\/Illuminate\/Pipeline\/Pipeline.php\",\n            \"line\": 183,\n            \"function\": \"handle\",\n            \"class\": \"Illuminate\\\\Http\\\\Middleware\\\\HandleCors\",\n            \"type\": \"->\"\n        },\n        {\n            \"file\": \"\/var\/www\/vendor\/laravel\/framework\/src\/Illuminate\/Http\/Middleware\/TrustProxies.php\",\n            \"line\": 39,\n            \"function\": \"Illuminate\\\\Pipeline\\\\{closure}\",\n            \"class\": \"Illuminate\\\\Pipeline\\\\Pipeline\",\n            \"type\": \"->\"\n        },\n        {\n            \"file\": \"\/var\/www\/vendor\/laravel\/framework\/src\/Illuminate\/Pipeline\/Pipeline.php\",\n            \"line\": 183,\n            \"function\": \"handle\",\n            \"class\": \"Illuminate\\\\Http\\\\Middleware\\\\TrustProxies\",\n            \"type\": \"->\"\n        },\n        {\n            \"file\": \"\/var\/www\/vendor\/laravel\/framework\/src\/Illuminate\/Pipeline\/Pipeline.php\",\n            \"line\": 119,\n            \"function\": \"Illuminate\\\\Pipeline\\\\{closure}\",\n            \"class\": \"Illuminate\\\\Pipeline\\\\Pipeline\",\n            \"type\": \"->\"\n        },\n        {\n            \"file\": \"\/var\/www\/vendor\/laravel\/framework\/src\/Illuminate\/Foundation\/Http\/Kernel.php\",\n            \"line\": 175,\n            \"function\": \"then\",\n            \"class\": \"Illuminate\\\\Pipeline\\\\Pipeline\",\n            \"type\": \"->\"\n        },\n        {\n            \"file\": \"\/var\/www\/vendor\/laravel\/framework\/src\/Illuminate\/Foundation\/Http\/Kernel.php\",\n            \"line\": 144,\n            \"function\": \"sendRequestThroughRouter\",\n            \"class\": \"Illuminate\\\\Foundation\\\\Http\\\\Kernel\",\n            \"type\": \"->\"\n        },\n        {\n            \"file\": \"\/var\/www\/vendor\/knuckleswtf\/scribe\/src\/Extracting\/Strategies\/Responses\/ResponseCalls.php\",\n            \"line\": 300,\n            \"function\": \"handle\",\n            \"class\": \"Illuminate\\\\Foundation\\\\Http\\\\Kernel\",\n            \"type\": \"->\"\n        },\n        {\n            \"file\": \"\/var\/www\/vendor\/knuckleswtf\/scribe\/src\/Extracting\/Strategies\/Responses\/ResponseCalls.php\",\n            \"line\": 288,\n            \"function\": \"callLaravelOrLumenRoute\",\n            \"class\": \"Knuckles\\\\Scribe\\\\Extracting\\\\Strategies\\\\Responses\\\\ResponseCalls\",\n            \"type\": \"->\"\n        },\n        {\n            \"file\": \"\/var\/www\/vendor\/knuckleswtf\/scribe\/src\/Extracting\/Strategies\/Responses\/ResponseCalls.php\",\n            \"line\": 91,\n            \"function\": \"makeApiCall\",\n            \"class\": \"Knuckles\\\\Scribe\\\\Extracting\\\\Strategies\\\\Responses\\\\ResponseCalls\",\n            \"type\": \"->\"\n        },\n        {\n            \"file\": \"\/var\/www\/vendor\/knuckleswtf\/scribe\/src\/Extracting\/Strategies\/Responses\/ResponseCalls.php\",\n            \"line\": 44,\n            \"function\": \"makeResponseCall\",\n            \"class\": \"Knuckles\\\\Scribe\\\\Extracting\\\\Strategies\\\\Responses\\\\ResponseCalls\",\n            \"type\": \"->\"\n        },\n        {\n            \"file\": \"\/var\/www\/vendor\/knuckleswtf\/scribe\/src\/Extracting\/Strategies\/Responses\/ResponseCalls.php\",\n            \"line\": 35,\n            \"function\": \"makeResponseCallIfConditionsPass\",\n            \"class\": \"Knuckles\\\\Scribe\\\\Extracting\\\\Strategies\\\\Responses\\\\ResponseCalls\",\n            \"type\": \"->\"\n        },\n        {\n            \"file\": \"\/var\/www\/vendor\/knuckleswtf\/scribe\/src\/Extracting\/Extractor.php\",\n            \"line\": 236,\n            \"function\": \"__invoke\",\n            \"class\": \"Knuckles\\\\Scribe\\\\Extracting\\\\Strategies\\\\Responses\\\\ResponseCalls\",\n            \"type\": \"->\"\n        },\n        {\n            \"file\": \"\/var\/www\/vendor\/knuckleswtf\/scribe\/src\/Extracting\/Extractor.php\",\n            \"line\": 163,\n            \"function\": \"iterateThroughStrategies\",\n            \"class\": \"Knuckles\\\\Scribe\\\\Extracting\\\\Extractor\",\n            \"type\": \"->\"\n        },\n        {\n            \"file\": \"\/var\/www\/vendor\/knuckleswtf\/scribe\/src\/Extracting\/Extractor.php\",\n            \"line\": 95,\n            \"function\": \"fetchResponses\",\n            \"class\": \"Knuckles\\\\Scribe\\\\Extracting\\\\Extractor\",\n            \"type\": \"->\"\n        },\n        {\n            \"file\": \"\/var\/www\/vendor\/knuckleswtf\/scribe\/src\/GroupedEndpoints\/GroupedEndpointsFromApp.php\",\n            \"line\": 125,\n            \"function\": \"processRoute\",\n            \"class\": \"Knuckles\\\\Scribe\\\\Extracting\\\\Extractor\",\n            \"type\": \"->\"\n        },\n        {\n            \"file\": \"\/var\/www\/vendor\/knuckleswtf\/scribe\/src\/GroupedEndpoints\/GroupedEndpointsFromApp.php\",\n            \"line\": 72,\n            \"function\": \"extractEndpointsInfoFromLaravelApp\",\n            \"class\": \"Knuckles\\\\Scribe\\\\GroupedEndpoints\\\\GroupedEndpointsFromApp\",\n            \"type\": \"->\"\n        },\n        {\n            \"file\": \"\/var\/www\/vendor\/knuckleswtf\/scribe\/src\/GroupedEndpoints\/GroupedEndpointsFromApp.php\",\n            \"line\": 50,\n            \"function\": \"extractEndpointsInfoAndWriteToDisk\",\n            \"class\": \"Knuckles\\\\Scribe\\\\GroupedEndpoints\\\\GroupedEndpointsFromApp\",\n            \"type\": \"->\"\n        },\n        {\n            \"file\": \"\/var\/www\/vendor\/knuckleswtf\/scribe\/src\/Commands\/GenerateDocumentation.php\",\n            \"line\": 53,\n            \"function\": \"get\",\n            \"class\": \"Knuckles\\\\Scribe\\\\GroupedEndpoints\\\\GroupedEndpointsFromApp\",\n            \"type\": \"->\"\n        },\n        {\n            \"file\": \"\/var\/www\/vendor\/laravel\/framework\/src\/Illuminate\/Container\/BoundMethod.php\",\n            \"line\": 36,\n            \"function\": \"handle\",\n            \"class\": \"Knuckles\\\\Scribe\\\\Commands\\\\GenerateDocumentation\",\n            \"type\": \"->\"\n        },\n        {\n            \"file\": \"\/var\/www\/vendor\/laravel\/framework\/src\/Illuminate\/Container\/Util.php\",\n            \"line\": 41,\n            \"function\": \"Illuminate\\\\Container\\\\{closure}\",\n            \"class\": \"Illuminate\\\\Container\\\\BoundMethod\",\n            \"type\": \"::\"\n        },\n        {\n            \"file\": \"\/var\/www\/vendor\/laravel\/framework\/src\/Illuminate\/Container\/BoundMethod.php\",\n            \"line\": 93,\n            \"function\": \"unwrapIfClosure\",\n            \"class\": \"Illuminate\\\\Container\\\\Util\",\n            \"type\": \"::\"\n        },\n        {\n            \"file\": \"\/var\/www\/vendor\/laravel\/framework\/src\/Illuminate\/Container\/BoundMethod.php\",\n            \"line\": 35,\n            \"function\": \"callBoundMethod\",\n            \"class\": \"Illuminate\\\\Container\\\\BoundMethod\",\n            \"type\": \"::\"\n        },\n        {\n            \"file\": \"\/var\/www\/vendor\/laravel\/framework\/src\/Illuminate\/Container\/Container.php\",\n            \"line\": 662,\n            \"function\": \"call\",\n            \"class\": \"Illuminate\\\\Container\\\\BoundMethod\",\n            \"type\": \"::\"\n        },\n        {\n            \"file\": \"\/var\/www\/vendor\/laravel\/framework\/src\/Illuminate\/Console\/Command.php\",\n            \"line\": 211,\n            \"function\": \"call\",\n            \"class\": \"Illuminate\\\\Container\\\\Container\",\n            \"type\": \"->\"\n        },\n        {\n            \"file\": \"\/var\/www\/vendor\/symfony\/console\/Command\/Command.php\",\n            \"line\": 326,\n            \"function\": \"execute\",\n            \"class\": \"Illuminate\\\\Console\\\\Command\",\n            \"type\": \"->\"\n        },\n        {\n            \"file\": \"\/var\/www\/vendor\/laravel\/framework\/src\/Illuminate\/Console\/Command.php\",\n            \"line\": 180,\n            \"function\": \"run\",\n            \"class\": \"Symfony\\\\Component\\\\Console\\\\Command\\\\Command\",\n            \"type\": \"->\"\n        },\n        {\n            \"file\": \"\/var\/www\/vendor\/symfony\/console\/Application.php\",\n            \"line\": 1096,\n            \"function\": \"run\",\n            \"class\": \"Illuminate\\\\Console\\\\Command\",\n            \"type\": \"->\"\n        },\n        {\n            \"file\": \"\/var\/www\/vendor\/symfony\/console\/Application.php\",\n            \"line\": 324,\n            \"function\": \"doRunCommand\",\n            \"class\": \"Symfony\\\\Component\\\\Console\\\\Application\",\n            \"type\": \"->\"\n        },\n        {\n            \"file\": \"\/var\/www\/vendor\/symfony\/console\/Application.php\",\n            \"line\": 175,\n            \"function\": \"doRun\",\n            \"class\": \"Symfony\\\\Component\\\\Console\\\\Application\",\n            \"type\": \"->\"\n        },\n        {\n            \"file\": \"\/var\/www\/vendor\/laravel\/framework\/src\/Illuminate\/Foundation\/Console\/Kernel.php\",\n            \"line\": 201,\n            \"function\": \"run\",\n            \"class\": \"Symfony\\\\Component\\\\Console\\\\Application\",\n            \"type\": \"->\"\n        },\n        {\n            \"file\": \"\/var\/www\/artisan\",\n            \"line\": 35,\n            \"function\": \"handle\",\n            \"class\": \"Illuminate\\\\Foundation\\\\Console\\\\Kernel\",\n            \"type\": \"->\"\n        }\n    ]\n}",
                            "name": ""
                        }
                    ]
                },
                {
                    "name": "Override the default store action.",
                    "request": {
                        "url": {
                            "host": "{{baseUrl}}",
                            "path": "api\/directories",
                            "query": [],
                            "raw": "{{baseUrl}}\/api\/directories"
                        },
                        "method": "POST",
                        "header": [
                            {
                                "key": "Content-Type",
                                "value": "application\/json"
                            },
                            {
                                "key": "Accept",
                                "value": "application\/json"
                            }
                        ],
                        "body": {
                            "mode": "raw",
                            "raw": "{\"name\":\"Publish Library\",\"phone\":\"01150064538\",\"whatsapp\":\"01150064538\",\"description\":\"Remember to publish library code.\",\"address\":\"Cairo, Egypt\",\"category_ids\":[6]}"
                        },
                        "description": "",
                        "auth": {
                            "type": "noauth"
                        }
                    },
                    "response": []
                },
                {
                    "name": "View Resource",
                    "request": {
                        "url": {
                            "host": "{{baseUrl}}",
                            "path": "api\/directories\/:id",
                            "query": [
                                {
                                    "key": "count",
                                    "value": "",
                                    "description": "Count related models. Alternatively `with_count` e.g. `?count=relation1,relation2`.",
                                    "disabled": true
                                },
                                {
                                    "key": "contain",
                                    "value": "",
                                    "description": "Contain data from related model e.g. `?contain=relation1,relation2`.",
                                    "disabled": true
                                }
                            ],
                            "raw": "{{baseUrl}}\/api\/directories\/:id?count=&contain=",
                            "variable": [
                                {
                                    "id": "id",
                                    "key": "id",
                                    "value": "3",
                                    "description": "The id of the resource to view"
                                }
                            ]
                        },
                        "method": "GET",
                        "header": [
                            {
                                "key": "Content-Type",
                                "value": "application\/json"
                            },
                            {
                                "key": "Accept",
                                "value": "application\/json"
                            }
                        ],
                        "body": null,
                        "description": "Returns information about a specific record in this resource. You can return related data or counts of related data\nin the response using the `count` and `contain` query params"
                    },
                    "response": [
                        {
                            "header": [],
                            "code": 404,
                            "body": "{\n \"status\": \"failed\",\n \"message\": \"Resource not found\"\n}",
                            "name": ""
                        },
                        {
                            "header": [
                                {
                                    "key": "cache-control",
                                    "value": "no-cache, private"
                                },
                                {
                                    "key": "content-type",
                                    "value": "application\/json"
                                },
                                {
                                    "key": "x-ratelimit-limit",
                                    "value": "60"
                                },
                                {
                                    "key": "x-ratelimit-remaining",
                                    "value": "52"
                                },
                                {
                                    "key": "access-control-allow-origin",
                                    "value": "*"
                                }
                            ],
                            "code": 404,
                            "body": "{\"status\":\"failed\",\"message\":\"Resource not found\"}",
                            "name": ""
                        }
                    ]
                },
                {
                    "name": "Update Resource",
                    "request": {
                        "url": {
                            "host": "{{baseUrl}}",
                            "path": "api\/directories\/:id",
                            "query": [
                                {
                                    "key": "count",
                                    "value": "",
                                    "description": "Count related models. Alternatively `with_count` e.g. `?count=relation1,relation2`.",
                                    "disabled": true
                                },
                                {
                                    "key": "contain",
                                    "value": "",
                                    "description": "Contain data from related model e.g. `?contain=relation1,relation2`.",
                                    "disabled": true
                                }
                            ],
                            "raw": "{{baseUrl}}\/api\/directories\/:id?count=&contain=",
                            "variable": [
                                {
                                    "id": "id",
                                    "key": "id",
                                    "value": "1",
                                    "description": "The ID of the directory."
                                }
                            ]
                        },
                        "method": "PUT",
                        "header": [
                            {
                                "key": "Content-Type",
                                "value": "application\/json"
                            },
                            {
                                "key": "Accept",
                                "value": "application\/json"
                            }
                        ],
                        "body": null,
                        "description": "Updates the data of the record with the specified `id`. You can return related data or counts of related data\nin the response using the `count` and `contain` query params"
                    },
                    "response": [
                        {
                            "header": [],
                            "code": 400,
                            "body": "{\n \"status\": \"error\",\n \"message\": [\n    \"validation error messages\"\n ]\n}",
                            "name": ""
                        },
                        {
                            "header": [],
                            "code": 404,
                            "body": "{\n \"status\": \"failed\",\n \"message\": \"Resource not found\"\n}",
                            "name": ""
                        },
                        {
                            "header": [],
                            "code": 500,
                            "body": "{\n \"status\": \"error\",\n \"message\": \"Details of error message\"\n}",
                            "name": ""
                        }
                    ]
                },
                {
                    "name": "Delete Resource",
                    "request": {
                        "url": {
                            "host": "{{baseUrl}}",
                            "path": "api\/directories\/:id",
                            "query": [],
                            "raw": "{{baseUrl}}\/api\/directories\/:id",
                            "variable": [
                                {
                                    "id": "id",
                                    "key": "id",
                                    "value": "1",
                                    "description": "The ID of the directory."
                                }
                            ]
                        },
                        "method": "DELETE",
                        "header": [
                            {
                                "key": "Content-Type",
                                "value": "application\/json"
                            },
                            {
                                "key": "Accept",
                                "value": "application\/json"
                            }
                        ],
                        "body": null,
                        "description": "Deletes the record with the specified `id`"
                    },
                    "response": [
                        {
                            "header": [],
                            "code": 200,
                            "body": "{\n \"status\": \"success\",\n \"message\": \"Resource deleted\",\n \"data\": {\n    \"id\": 1\n }\n}",
                            "name": ""
                        },
                        {
                            "header": [],
                            "code": 404,
                            "body": "{\n \"status\": \"failed\",\n \"message\": \"Resource not found\"\n}",
                            "name": ""
                        }
                    ]
                }
            ]
        }
    ],
    "auth": {
        "type": "noauth"
    }
}